QU_NC,1,1.2,1.13333,1.175,1.14,1.13333,1.14286,1.15,1.16667,1.15,1.19091,1.2,1.18462,1.17143,1.16,1.15625,1.16471,1.18333,1.18421,1.19,1.22381,1.25455,1.28261,1.27917,1.308,1.33846,1.35926,1.39643,1.42069,1.45667,1.47742,1.48125,1.50909,1.55294,1.58,1.58333,1.60811,1.60263,1.60513,1.63,1.71951,1.78095,1.80233,1.90455,1.95333,2,2.12128,2.16458,2.20816,2.348,2.82549,3.00385,3.75094,3.82778,4.53273,4.88571,5.20526,5.14828,5.96441,6.77833,6.69508,7.62258,9.34921,10.4859,11.6508,15.0652,17.0716,20.6412,22.6841,24.7129,26.7211,27.1403,28.3315,28.7446,29.9293,31.9368,33.1532,35.1551,35.5241,38.3375,41.9457,43.0598,44.1675,45.2512,46.3165,47.3884,48.4517,48.7057,49.7629,50.0078,51.0494,52.8837,53.9075,55.7351,55.16,56.1708,56.3814,56.5918,56.0202,59.393,60.3703,60.5637,62.3107,62.4981,62.6924,63.6547,63.0598,63.2407,64.1844,63.6018,65.2892,65.4607,66.3841,68.0482,67.4574,68.3569,69.2453,69.3966,69.5445,69.695,70.5694,70.7172,70.1447,69.5798,69.736,69.1833,68.6402,68.1055,68.2729,69.1338,68.6084,68.0901,68.2601,67.7515,67.2504,67.4294,68.2737,67.7797,67.2928,67.4693,66.9915,67.8225,67.9972,68.1694,68.9828,69.7904,69.3177,68.8493,69.0188,69.188,69.9868,69.5263,69.0719,69.2396,68.7935,68.3532,67.9178,67.488,67.0635,66.645,66.8286,66.4173,66.5994,66.1933,65.7933,65.397,65.5826,65.7673,65.3781,64.9935,65.1789,64.8006,64.4266,64.0563,64.2457,63.8812,63.5203,63.7107,63.3547,63.0028,62.6547,62.311,61.9705,61.6342,61.8297,61.4973,61.1684,60.8431,60.5212,60.2026,59.8874,59.5755,59.7741,59.9716,60.1677,59.8607,60.0558,59.7525,59.4523,59.155,58.8612,58.5698,58.2813,57.9961,57.7132,57.433,57.1556,56.8808,56.6086,56.8086,56.5393,56.2726,56.0084,55.7467,55.4874,55.6875,55.4309,55.6298,55.3758,55.1241,54.8747,54.6279,54.3834,54.1411,53.9009,53.6624,53.426,53.1917,52.9594,52.7291,52.5009,52.2746,52.0506,51.8282,51.6077,51.389,51.1722,50.9571,50.7439,50.5325,50.3228,50.1149,49.9086,49.7041,49.5012,49.3,49.1004,48.9024,48.706,48.5112,48.3179,48.1262,47.936,47.7472,47.56,47.3746,47.1903,47.0074,46.8259,46.6458,46.467,46.2897,46.1137,45.939,45.7657,45.5936,45.4228,45.2537,45.0855,44.9185,44.7528,44.5882,44.4249,44.2628,44.1018,43.942,43.7834,43.6259,43.4695,43.3143,43.1601,43.0074,42.8555,42.7046,42.5547,42.4059,42.6056,42.4576,42.3107,42.1648,42.0199,41.876,41.7331,41.5912,41.4502,41.3101,41.171,41.0329,40.8957,40.7593,40.6239,40.4894,40.3561,40.2234,40.0915,39.9605,39.8303,39.701,39.5725,39.4448,39.318,39.192,39.0668,38.9424,38.8187,38.6959,38.5738,38.4525,38.332,38.2122,38.0931,37.9748,37.8573,37.7404,37.6243,37.5089,37.3942,37.2802,37.1669,37.0542,36.9423,36.831,36.7204,36.6105,36.5012,36.3926,36.2846,36.1772,36.0705,35.9644,35.8589,35.7541,35.6499,35.5462,35.4432,35.3408,35.2389,35.1376,35.037,34.9369
UR_NC,1,1,1,1,1,1.01667,1.01429,1.0375,1.04444,1.04,1.03636,1.03333,1.03077,1.02857,1.02667,1.025,1.02353,1.05,1.04737,1.045,1.0619,1.06364,1.06087,1.05833,1.06,1.07692,1.08889,1.08571,1.08966,1.09,1.09355,1.10312,1.10909,1.13529,1.14286,1.15,1.15405,1.15,1.15128,1.16,1.20732,1.22381,1.22791,1.24773,1.28889,1.31957,1.33617,1.36042,1.38776,1.414,1.5,1.56731,1.59057,1.5963,1.66364,1.66964,1.78947,1.77586,1.77458,1.86,1.84426,1.89355,1.94603,1.97812,2.04154,2.05303,2.07015,2.07059,2.06087,2.05,2.02958,2.01111,2.00137,1.98243,1.97867,1.98158,1.97143,1.95897,1.94937,1.94375,1.92963,1.90976,1.89639,1.87738,1.86353,1.85349,1.84713,1.83523,1.8236,1.80556,1.8,1.78696,1.7828,1.77553,1.76211,1.74896,1.73505,1.72347,1.70606,1.705,1.69208,1.67941,1.67476,1.66538,1.65905,1.64623,1.63084,1.61759,1.60826,1.59455,1.58649,1.57768,1.56814,1.55965,1.54696,1.53621,1.5265,1.5178,1.50672,1.4975,1.49091,1.48361,1.47398,1.4629,1.452,1.44127,1.4315,1.42188,1.4124,1.40692,1.39847,1.38864,1.37895,1.3694,1.36,1.35294,1.34599,1.33696,1.32806,1.32,1.31135,1.30423,1.2965,1.28819,1.28207,1.27671,1.27007,1.26149,1.25369,1.24667,1.24172,1.23355,1.22549,1.21883,1.21161,1.20449,1.19682,1.18924,1.18176,1.175,1.17081,1.16481,1.15828,1.15122,1.14545,1.13855,1.13234,1.12679,1.12012,1.11353,1.10819,1.10233,1.09653,1.09023,1.08514,1.07955,1.07345,1.06854,1.06257,1.05667,1.05083,1.0456,1.03989,1.03478,1.02973,1.02419,1.01872,1.0133,1.00794,1.00263,0.997382,0.992188,0.987565,0.983505,0.978974,0.97398,0.969543,0.964646,0.959799,0.955,0.950746,0.94604,0.941379,0.937255,0.932683,0.928155,0.923671,0.919231,0.914833,0.910952,0.906635,0.902358,0.898122,0.893925,0.889767,0.886111,0.882028,0.87844,0.874429,0.870455,0.866516,0.863063,0.859641,0.85625,0.852889,0.849115,0.845374,0.841667,0.837991,0.834348,0.830736,0.827155,0.824034,0.820513,0.817021,0.813559,0.810127,0.806723,0.803347,0.8,0.796681,0.793388,0.790123,0.786885,0.783673,0.780488,0.777328,0.774194,0.771084,0.768,0.76494,0.761905,0.758893,0.755906,0.752941,0.750391,0.747471,0.744574,0.741699,0.738846,0.736015,0.733206,0.730418,0.727652,0.724906,0.72218,0.719476,0.717164,0.714498,0.711852,0.709225,0.706618,0.704029,0.70146,0.698909,0.696377,0.693863,0.691367,0.688889,0.686429,0.683986,0.681915,0.679505,0.677113,0.674737,0.672378,0.670383,0.668056,0.665744,0.663448,0.661168,0.658904,0.656655,0.654422,0.652203,0.65,0.647811,0.645638,0.643478,0.641333,0.639203,0.637086,0.635314,0.633224,0.631148,0.629085,0.627036,0.625,0.622977,0.620968,0.618971,0.616987,0.615016,0.613057,0.611111,0.609177,0.607256,0.605346,0.603448,0.601562,0.599688,0.597826,0.595975,0.594136,0.592308,0.590491,0.588685,0.58689,0.585106,0.583333,0.581571,0.579819,0.578078,0.576347,0.574627,0.572917,0.571217,0.569527,0.567847,0.566176,0.564516,0.562865,0.561224,0.559593,0.557971,0.556358,0.554755,0.553161,0.551576,0.55
UW_NC,1,1,1,1,1,1.01667,1.01429,1.025,1.03333,1.03,1.02727,1.025,1.02308,1.02143,1.02,1.01875,1.01765,1.02222,1.02105,1.02,1.03333,1.03636,1.03478,1.03333,1.036,1.04231,1.05556,1.05357,1.05862,1.06,1.06452,1.075,1.08182,1.1,1.10857,1.11667,1.12162,1.11842,1.12051,1.13,1.17805,1.19524,1.2,1.22045,1.26,1.28043,1.29787,1.32292,1.33673,1.362,1.44902,1.51154,1.53585,1.54074,1.60545,1.6125,1.71053,1.69828,1.69492,1.78167,1.76721,1.80968,1.86349,1.89688,1.96154,1.97424,1.99254,1.99412,1.98551,1.97571,1.95634,1.93889,1.9274,1.90946,1.90667,1.91053,1.9013,1.88974,1.88101,1.87625,1.86296,1.8439,1.83133,1.8131,1.8,1.7907,1.78391,1.77273,1.7618,1.74444,1.73956,1.72717,1.72258,1.71596,1.70316,1.69062,1.67732,1.66633,1.6495,1.649,1.63663,1.62451,1.62039,1.61154,1.60571,1.5934,1.5785,1.56574,1.55688,1.54364,1.53604,1.52768,1.51858,1.51053,1.49826,1.48793,1.47863,1.47034,1.45966,1.45083,1.44463,1.4377,1.42846,1.41774,1.4072,1.39683,1.3874,1.37812,1.36899,1.36385,1.35573,1.34621,1.33684,1.32761,1.31852,1.31176,1.30511,1.29638,1.28777,1.28,1.27163,1.26479,1.25734,1.24931,1.24345,1.23836,1.23197,1.22365,1.21611,1.20933,1.20464,1.19671,1.18889,1.18247,1.17548,1.16859,1.16115,1.1538,1.14654,1.14,1.13602,1.13025,1.12393,1.11707,1.11152,1.10482,1.0988,1.09345,1.08698,1.08059,1.07544,1.06977,1.06416,1.05805,1.05314,1.04773,1.04181,1.03708,1.03128,1.02556,1.01989,1.01484,1.00929,1.00435,0.999459,0.994086,0.98877,0.983511,0.978307,0.973158,0.968063,0.963021,0.958549,0.954639,0.950256,0.945408,0.941117,0.936364,0.931658,0.927,0.922886,0.918317,0.913793,0.909804,0.905366,0.900971,0.896618,0.892308,0.888038,0.884286,0.880095,0.875943,0.871831,0.867757,0.863721,0.860185,0.856221,0.852752,0.848858,0.845,0.841176,0.837838,0.834529,0.83125,0.828,0.824336,0.820705,0.817105,0.813537,0.81,0.806494,0.803017,0.8,0.796581,0.793191,0.789831,0.786498,0.783193,0.779916,0.776667,0.773444,0.770248,0.767078,0.763934,0.760816,0.757724,0.754656,0.751613,0.748594,0.7456,0.742629,0.739683,0.736759,0.733858,0.73098,0.728516,0.725681,0.722868,0.720077,0.717308,0.714559,0.711832,0.709125,0.706439,0.703774,0.701128,0.698502,0.696269,0.69368,0.691111,0.688561,0.686029,0.683517,0.681022,0.678545,0.676087,0.673646,0.671223,0.668817,0.666429,0.664057,0.662057,0.659717,0.657394,0.655088,0.652797,0.650871,0.648611,0.646367,0.644138,0.641924,0.639726,0.637543,0.635374,0.63322,0.631081,0.628956,0.626846,0.624749,0.622667,0.620598,0.618543,0.616832,0.614803,0.612787,0.610784,0.608795,0.606818,0.604854,0.602903,0.600965,0.599038,0.597125,0.595223,0.593333,0.591456,0.58959,0.587736,0.585893,0.584063,0.582243,0.580435,0.578638,0.576852,0.575077,0.573313,0.57156,0.569817,0.568085,0.566364,0.564653,0.562952,0.561261,0.559581,0.55791,0.55625,0.554599,0.552959,0.551327,0.549706,0.548094,0.546491,0.544898,0.543314,0.541739,0.540173,0.538617,0.537069,0.53553,0.534
QU_FC,1,1.2,1.13333,1.175,1.14,1.13333,1.14286,1.15,1.16667,1.15,1.19091,1.2,1.18462,1.17143,1.16,1.15625,1.16471,1.16667,1.15789,1.165,1.2,1.22727,1.24348,1.24167,1.26,1.29231,1.31111,1.33929,1.36552,1.39333,1.38065,1.36563,1.39394,1.43529,1.45714,1.44444,1.45676,1.45,1.4359,1.4625,1.54634,1.58571,1.58372,1.67955,1.69333,1.72391,1.71489,1.73333,1.68776,1.79,1.92745,1.96731,2.33774,2.14444,2.30182,2.65179,2.27368,2.03793,2.71525,2.69667,2.25738,2.61613,3.49048,3.1,3.5,3.8,3.01493,3.14706,3.7029,3.44857,4.14225,2.97917,2.68219,2.98108,2.86133,3.35789,3.93896,3.73205,2.60127,3.535,3.50247,3.90732,3.68313,2.98095,2.54353,2.98023,2.92529,2.81932,3.39551,3.25333,2.76264,3.0413,2.7129,2.99043,2.32947,3.13854,2.35361,2.26735,2.03131,3.592,2.30099,2.94608,2.63107,2.93942,2.45905,2.36698,2.04579,2.49722,2.36422,2.08091,2.63333,2.22143,2.49646,3.22632,2.09304,2.62759,2.36496,2.37627,2.31597,2.57167,2.49587,2.05,1.76667,1.68226,2.2328,1.86984,1.71969,1.64766,1.90543,1.95462,1.77634,1.66818,1.86842,1.61567,1.55926,1.92794,1.92993,1.71232,1.57338,1.97286,1.64184,2.00704,1.87832,1.84375,1.89862,1.86164,1.6102,1.47838,1.75772,1.84667,1.92384,1.58618,1.50784,1.91299,1.43935,1.38846,1.33822,1.29304,1.24654,1.2275,1.66957,1.43272,1.80982,1.41524,1.30727,1.25181,1.77126,1.58571,1.35503,1.31294,1.4807,1.30116,1.22486,1.19368,1.56686,1.27784,1.21695,1.55169,1.33464,1.205,1.14807,1.11703,1.0847,1.06141,1.37946,1.21559,1.16471,1.10479,1.06508,1.04,1.01466,0.991667,1.26529,1.30464,1.35436,1.16429,1.27208,1.15152,1.11055,1.0455,1.0005,0.975248,0.952709,0.939216,0.923415,0.907282,0.890338,0.876442,0.85933,1.12286,1.05972,0.986321,0.951643,0.931308,0.910233,1.33657,1.0894,1.16468,1.06119,0.989091,0.946154,0.902252,0.883856,0.870982,0.860444,0.84115,0.817621,0.803947,0.791266,0.782174,0.773593,0.759052,0.745494,0.733761,0.720851,0.712288,0.702954,0.692437,0.683682,0.676667,0.66722,0.660331,0.653909,0.645902,0.635918,0.626829,0.619028,0.610887,0.604819,0.5972,0.59243,0.585714,0.579447,0.574803,0.566667,0.558984,0.552918,0.547674,0.542857,0.537308,0.531801,0.525954,0.521293,0.517045,0.509811,0.503008,0.495131,0.491045,0.486989,0.483333,0.479336,0.474632,0.470696,0.466058,0.463273,0.460507,0.455596,0.451799,0.448746,0.445357,0.442705,0.440071,0.436749,0.433099,0.429123,0.424126,0.76446,0.744792,0.716263,0.705517,0.682818,0.667808,0.659727,0.651361,0.642034,0.624324,0.616162,0.60906,0.601338,0.593333,0.585714,0.578146,0.570627,0.563158,0.556066,0.550654,0.543648,0.53539,0.527832,0.52129,0.515434,0.510256,0.503195,0.497771,0.493016,0.487658,0.483912,0.478616,0.473981,0.46875,0.464174,0.459317,0.45418,0.449383,0.445538,0.441104,0.436697,0.433537,0.431003,0.426364,0.422054,0.418976,0.413814,0.40988,0.405672,0.402976,0.4,0.396154,0.393805,0.392353,0.390029,0.386842,0.383673,0.381105,0.377971,0.376012,0.373199,0.371264,0.368195,0.365714
UR_FC,1,1,1,1,1,1.01667,1.01429,1.0375,1.04444,1.04,1.03636,1.03333,1.03077,1.02857,1.02667,1.025,1.02353,1.05,1.04737,1.045,1.05714,1.05909,1.05652,1.05417,1.056,1.06923,1.07778,1.07143,1.07241,1.07,1.07419,1.08438,1.09091,1.11765,1.12571,1.13056,1.13514,1.13158,1.13077,1.14,1.18049,1.19286,1.19767,1.21591,1.24444,1.27391,1.28298,1.30625,1.32449,1.346,1.41961,1.475,1.49245,1.46296,1.52364,1.525,1.61404,1.58966,1.58305,1.65,1.62131,1.65161,1.68571,1.69531,1.72615,1.68939,1.65821,1.64118,1.6087,1.56571,1.5338,1.49722,1.47671,1.45405,1.44667,1.44342,1.42857,1.41282,1.38861,1.38,1.36173,1.32805,1.30964,1.28214,1.26706,1.25581,1.25287,1.2375,1.22135,1.19889,1.19341,1.17826,1.17527,1.16702,1.15579,1.14375,1.12474,1.11531,1.10101,1.103,1.09109,1.08137,1.07961,1.07115,1.06762,1.05849,1.04486,1.02685,1.01927,1.00909,1.0027,0.995536,0.989381,0.979825,0.966956,0.95431,0.945299,0.936441,0.92521,0.918333,0.915702,0.910656,0.902439,0.890323,0.8776,0.864286,0.853543,0.846875,0.837985,0.834615,0.829771,0.820455,0.809023,0.8,0.792593,0.786765,0.779562,0.773913,0.767626,0.762143,0.755319,0.75,0.744755,0.738194,0.735862,0.732877,0.729932,0.722297,0.713423,0.708667,0.70596,0.700658,0.693464,0.688312,0.683226,0.677564,0.670701,0.663291,0.657862,0.654375,0.653416,0.650617,0.645399,0.641463,0.63697,0.633133,0.628144,0.624405,0.618343,0.613529,0.610526,0.606395,0.601156,0.597126,0.593143,0.589773,0.586441,0.583146,0.579888,0.576111,0.572928,0.56978,0.566667,0.563587,0.561081,0.558065,0.55508,0.551596,0.548677,0.545789,0.541885,0.538542,0.535233,0.53299,0.530256,0.52602,0.523858,0.521212,0.51809,0.5145,0.512438,0.508911,0.505911,0.503431,0.500488,0.498058,0.495652,0.493269,0.490909,0.489048,0.48673,0.483962,0.48169,0.479439,0.477209,0.475463,0.473272,0.47156,0.469406,0.467273,0.465158,0.462613,0.460987,0.458482,0.456889,0.454867,0.452423,0.450439,0.448472,0.446522,0.444589,0.442241,0.440343,0.437607,0.435745,0.433475,0.430802,0.428992,0.427197,0.425417,0.422822,0.420661,0.41893,0.416803,0.415102,0.412602,0.410526,0.408065,0.406426,0.4048,0.402789,0.40119,0.399209,0.397638,0.395686,0.394531,0.392996,0.391473,0.389961,0.388462,0.386973,0.385496,0.38403,0.382197,0.38,0.378571,0.376779,0.375746,0.374349,0.372593,0.371218,0.369853,0.368498,0.367153,0.365818,0.364493,0.362816,0.361511,0.360215,0.358571,0.357295,0.356383,0.355124,0.353873,0.352632,0.351399,0.350523,0.349306,0.348097,0.346897,0.345704,0.344521,0.343345,0.342177,0.341017,0.339865,0.338721,0.337248,0.33612,0.335,0.333887,0.332781,0.332013,0.330921,0.329836,0.328758,0.327687,0.326299,0.324919,0.323871,0.32283,0.321795,0.320767,0.319745,0.31873,0.317722,0.316719,0.315723,0.31442,0.313437,0.312461,0.311491,0.310526,0.309568,0.308615,0.307669,0.306728,0.305793,0.304863,0.303939,0.303021,0.302108,0.301201,0.300299,0.299403,0.298214,0.297329,0.29645,0.295575,0.294706,0.293842,0.292982,0.292128,0.290988,0.290145,0.289306,0.288473,0.287644,0.286819,0.286
UW_FC,1,1,1,1,1,1.01667,1.01429,1.025,1.03333,1.03,1.02727,1.025,1.02308,1.02143,1.02,1.01875,1.01765,1.02222,1.02105,1.02,1.02857,1.03182,1.03043,1.02917,1.032,1.03846,1.05185,1.04643,1.05172,1.05,1.05484,1.06562,1.07273,1.09118,1.1,1.10556,1.11081,1.10789,1.11026,1.12,1.1561,1.17143,1.17674,1.19545,1.22222,1.23696,1.24894,1.27292,1.27755,1.3,1.37451,1.42692,1.44906,1.41852,1.47636,1.48036,1.54737,1.52414,1.51525,1.595,1.57213,1.6,1.63651,1.64688,1.69692,1.68939,1.66269,1.64706,1.60725,1.55714,1.53239,1.49444,1.47123,1.44865,1.43867,1.43553,1.42078,1.40897,1.38608,1.38125,1.36049,1.32683,1.30964,1.28571,1.27059,1.2593,1.25517,1.24205,1.22921,1.21,1.2044,1.18696,1.1828,1.17447,1.16421,1.15208,1.13299,1.12449,1.10606,1.108,1.09604,1.08627,1.0835,1.075,1.07143,1.06226,1.0486,1.02778,1.0211,1.01091,1.00721,1,0.993805,0.984211,0.971304,0.958621,0.949573,0.938136,0.926891,0.92,0.917355,0.912295,0.904065,0.890323,0.88,0.866667,0.855906,0.849219,0.84031,0.836923,0.832061,0.821212,0.809774,0.800746,0.793333,0.7875,0.780292,0.774638,0.768345,0.762857,0.756028,0.750704,0.745455,0.738889,0.735862,0.732877,0.729932,0.722297,0.713423,0.708667,0.70596,0.700658,0.693464,0.688312,0.683226,0.677564,0.670701,0.663291,0.657862,0.654375,0.653416,0.650617,0.645399,0.641463,0.63697,0.633133,0.628144,0.624405,0.618343,0.613529,0.610526,0.606395,0.601156,0.597126,0.593143,0.589773,0.586441,0.583146,0.579888,0.576111,0.572928,0.56978,0.566667,0.563587,0.561081,0.558065,0.55508,0.551064,0.548148,0.545263,0.541361,0.538021,0.534715,0.532474,0.529744,0.52551,0.52335,0.520707,0.517588,0.514,0.51194,0.508416,0.505419,0.502941,0.5,0.497573,0.495169,0.492788,0.490431,0.488571,0.486256,0.483491,0.481221,0.478972,0.476744,0.475,0.472811,0.471101,0.46895,0.466818,0.464706,0.462162,0.460538,0.458036,0.456444,0.454425,0.451982,0.45,0.448035,0.446087,0.444156,0.44181,0.439914,0.437179,0.435319,0.433051,0.43038,0.428571,0.426778,0.425,0.422407,0.420248,0.418519,0.416393,0.414694,0.412195,0.410121,0.407661,0.406024,0.4044,0.40239,0.400794,0.398814,0.397244,0.395294,0.394141,0.392607,0.391085,0.389575,0.388077,0.38659,0.385114,0.38365,0.381818,0.38,0.378571,0.376779,0.375746,0.374349,0.372593,0.371218,0.369853,0.368498,0.367153,0.365818,0.364493,0.362816,0.361511,0.360215,0.358571,0.357295,0.356383,0.355124,0.353873,0.352632,0.351399,0.350523,0.349306,0.348097,0.346897,0.345704,0.344521,0.343345,0.342177,0.341017,0.339865,0.338721,0.337248,0.33612,0.335,0.333887,0.332781,0.332013,0.330921,0.329836,0.328758,0.327687,0.326299,0.324919,0.323871,0.32283,0.321795,0.320767,0.319745,0.31873,0.317722,0.316719,0.315723,0.31442,0.313437,0.312461,0.311491,0.310526,0.309568,0.308615,0.307669,0.306728,0.305793,0.304863,0.303939,0.303021,0.302108,0.301201,0.300299,0.299403,0.298214,0.297329,0.29645,0.295575,0.294706,0.293842,0.292982,0.292128,0.290988,0.290145,0.289306,0.288473,0.287644,0.286819,0.286
QU_PS,1,1.2,1.13333,1.175,1.14,1.13333,1.14286,1.15,1.16667,1.15,1.19091,1.2,1.18462,1.17143,1.16,1.15625,1.16471,1.16667,1.15789,1.165,1.2,1.22727,1.24783,1.24583,1.268,1.3,1.31852,1.34643,1.37241,1.4,1.39355,1.38125,1.40909,1.45,1.47143,1.46111,1.47838,1.47105,1.45385,1.48,1.56341,1.60238,1.6093,1.70682,1.71556,1.75217,1.7766,1.79375,1.76735,1.872,2.02353,2.08077,2.48302,2.35185,2.47636,2.81964,2.37018,2.16897,2.8678,2.90667,2.48689,2.50645,3.75714,3.50469,3.90769,5.14091,3.91045,3.45294,4.03768,4.11286,4.56056,3.24028,3.09315,3.16486,3.55467,3.93158,3.75974,4.21667,3.00253,3.9775,3.8321,4.35,4.09157,3.37262,2.83882,3.27791,3.53218,2.82159,3.6809,3.49778,3.0956,3.59239,3.28602,3.82021,2.79789,2.95833,2.5268,2.58878,2.3697,3.769,2.67525,3.09902,2.86408,3.21442,2.75905,2.67358,2.28318,2.66111,2.54771,2.35091,2.81892,2.51786,2.98761,3.66228,2.37826,2.68276,2.67607,2.53051,2.55378,2.655,2.78182,2.4418,2.02927,1.89274,2.3992,2.02778,1.81968,1.71797,2.0155,2.10615,1.93206,1.76515,1.87368,1.75896,1.66593,2.03897,2.11898,1.79058,1.66403,2.07357,1.76028,2.08592,2.02028,1.90208,2.04414,2.13904,1.71293,1.61892,1.92483,1.96,1.88079,1.67566,1.50392,1.88506,1.58452,1.50128,1.44904,1.39873,1.35597,1.33063,1.70248,1.53457,1.68896,1.52317,1.40667,1.33855,1.83832,1.58512,1.39882,1.33647,1.70058,1.42326,1.31214,1.25,1.54857,1.38011,1.31243,1.37978,1.32291,1.28556,1.19171,1.14231,1.11257,1.08098,1.46973,1.24624,1.22193,1.19362,1.17143,1.13895,1.07173,1.04219,1.36891,1.28763,1.48,1.18878,1.40152,1.20657,1.1397,1.09,1.03284,1.00594,0.9867,0.970098,0.95561,0.940777,0.923188,0.907212,0.894737,1.17619,1.07962,1.04811,0.999061,0.953738,0.927907,1.2537,1.09032,1.19266,1.04201,0.991818,0.964706,0.927027,0.906278,0.891964,0.876444,0.85708,0.838767,0.826754,0.812664,0.80087,0.792208,0.77931,0.767382,0.75641,0.744255,0.733898,0.721941,0.711345,0.700837,0.692083,0.682573,0.675207,0.668313,0.659836,0.652653,0.643089,0.634818,0.625403,0.617671,0.61,0.604382,0.598016,0.591304,0.58622,0.578039,0.570312,0.563813,0.558527,0.552896,0.546923,0.540996,0.535496,0.530798,0.526515,0.520755,0.513534,0.507491,0.502985,0.498885,0.494815,0.490037,0.485294,0.479121,0.474453,0.471636,0.468841,0.463899,0.460072,0.456272,0.452857,0.450534,0.447872,0.44417,0.440493,0.437544,0.433566,0.774564,0.756944,0.720761,0.707931,0.69622,0.681164,0.673038,0.664626,0.644068,0.630743,0.622896,0.615436,0.607358,0.598333,0.590698,0.583113,0.575578,0.568092,0.561311,0.554248,0.547231,0.53961,0.532039,0.526452,0.520579,0.515064,0.507348,0.502548,0.497778,0.492722,0.489274,0.483648,0.478997,0.47375,0.470093,0.465528,0.460372,0.455864,0.451385,0.446933,0.442508,0.439024,0.43617,0.431212,0.426586,0.423494,0.418318,0.414371,0.410149,0.40744,0.404154,0.400296,0.397935,0.396471,0.394135,0.390643,0.387172,0.384593,0.382029,0.379769,0.376945,0.374713,0.371633,0.369143
UR_PS,1,1,1,1,1,1.01667,1.01429,1.0375,1.04444,1.04,1.03636,1.03333,1.03077,1.02857,1.02667,1.025,1.02353,1.05,1.04737,1.045,1.05714,1.05909,1.05652,1.05417,1.056,1.06923,1.07778,1.07143,1.07241,1.07,1.07419,1.08438,1.09091,1.11765,1.12571,1.13056,1.13514,1.13158,1.13077,1.14,1.18049,1.19286,1.19767,1.21591,1.24444,1.27391,1.28298,1.30625,1.32449,1.346,1.41961,1.47692,1.49434,1.47407,1.53455,1.53571,1.62632,1.60345,1.59661,1.66667,1.63934,1.67258,1.70794,1.72187,1.75385,1.71667,1.68657,1.67353,1.64348,1.60429,1.57183,1.53611,1.5137,1.49054,1.48133,1.47763,1.46104,1.44615,1.42278,1.415,1.3963,1.36341,1.34458,1.31786,1.30235,1.2907,1.28506,1.26818,1.25281,1.23,1.22308,1.20761,1.2043,1.19574,1.18316,1.17083,1.15258,1.14184,1.12727,1.129,1.11683,1.10686,1.10485,1.09615,1.09238,1.08208,1.06729,1.04907,1.04037,1.03,1.02342,1.01429,1.00708,0.997368,0.985217,0.972414,0.962393,0.95339,0.942017,0.935,0.931405,0.92623,0.917073,0.904032,0.8912,0.878571,0.867717,0.860156,0.851163,0.846923,0.841221,0.831818,0.820301,0.810448,0.802963,0.797059,0.789781,0.784058,0.777698,0.772143,0.765248,0.759859,0.754545,0.747917,0.745517,0.742466,0.739456,0.731081,0.722148,0.716667,0.713907,0.708553,0.701307,0.695455,0.690323,0.684615,0.67707,0.66962,0.664151,0.660625,0.659627,0.655556,0.650307,0.646341,0.641818,0.637349,0.631737,0.627976,0.621893,0.617059,0.614035,0.609884,0.604624,0.600575,0.596571,0.593182,0.589831,0.586517,0.58324,0.579444,0.576243,0.573077,0.569399,0.566304,0.563784,0.560753,0.557754,0.554255,0.551323,0.548421,0.544503,0.541146,0.537824,0.535567,0.532821,0.528571,0.526396,0.523737,0.5201,0.5165,0.514428,0.510891,0.507882,0.505392,0.502439,0.5,0.497585,0.495192,0.492823,0.490952,0.488626,0.485849,0.483568,0.480841,0.478605,0.476852,0.474654,0.472936,0.470776,0.468636,0.466516,0.463964,0.462332,0.459821,0.458222,0.456195,0.453745,0.451316,0.449345,0.447391,0.445455,0.443103,0.441202,0.438462,0.436596,0.433898,0.431224,0.429412,0.427615,0.425833,0.423237,0.421074,0.419342,0.417213,0.41551,0.413008,0.410931,0.408468,0.406827,0.4052,0.403187,0.401587,0.399605,0.398032,0.396078,0.394922,0.393385,0.39186,0.390347,0.388846,0.387356,0.385878,0.384411,0.382576,0.380377,0.378947,0.377154,0.376119,0.374721,0.372963,0.371587,0.370221,0.368864,0.367518,0.366182,0.364855,0.363177,0.36187,0.360573,0.358929,0.357651,0.356738,0.355477,0.354225,0.352982,0.351748,0.350871,0.349653,0.348097,0.346897,0.345704,0.344521,0.343345,0.342177,0.341017,0.339865,0.338721,0.337248,0.33612,0.335,0.333887,0.332781,0.332013,0.330921,0.329836,0.328758,0.327687,0.326299,0.324919,0.323871,0.32283,0.321795,0.320767,0.319745,0.31873,0.317722,0.316719,0.315723,0.31442,0.313437,0.312461,0.311491,0.310526,0.309568,0.308615,0.307669,0.306728,0.305793,0.304863,0.303939,0.303021,0.302108,0.301201,0.300299,0.299403,0.298214,0.297329,0.29645,0.295575,0.294706,0.293842,0.292982,0.292128,0.290988,0.290145,0.289306,0.288473,0.287644,0.286819,0.286
UW_PS,1,1,1,1,1,1.01667,1.01429,1.025,1.03333,1.03,1.02727,1.025,1.02308,1.02143,1.02,1.01875,1.01765,1.02222,1.02105,1.02,1.02857,1.03182,1.03043,1.02917,1.032,1.03846,1.05185,1.04643,1.05172,1.05,1.05484,1.06562,1.07273,1.09118,1.1,1.10556,1.11081,1.10789,1.11026,1.12,1.1561,1.17143,1.17674,1.19545,1.22222,1.23696,1.24894,1.27292,1.27755,1.3,1.37451,1.42885,1.45094,1.42963,1.48727,1.49107,1.55965,1.53793,1.52881,1.61,1.58852,1.61774,1.65556,1.66875,1.72154,1.71212,1.68806,1.67647,1.64058,1.59286,1.56761,1.52917,1.50685,1.48378,1.47333,1.46974,1.45325,1.44103,1.41899,1.41375,1.39259,1.36098,1.34337,1.32024,1.30471,1.29302,1.28621,1.27273,1.25955,1.23889,1.23297,1.2163,1.21183,1.20213,1.19053,1.17917,1.16082,1.15102,1.13333,1.135,1.12277,1.11275,1.10971,1.09904,1.09524,1.08491,1.06916,1.04907,1.04128,1.03091,1.02703,1.01786,1.01062,1.00088,0.988696,0.975862,0.966667,0.955085,0.943697,0.936667,0.933058,0.927869,0.918699,0.904839,0.8944,0.881746,0.870866,0.863281,0.854264,0.85,0.844275,0.833333,0.821805,0.81194,0.804444,0.798529,0.791241,0.785507,0.779137,0.773571,0.766667,0.761268,0.755944,0.749306,0.746207,0.743151,0.740136,0.731757,0.722819,0.717333,0.71457,0.709211,0.701961,0.696104,0.690968,0.685256,0.677707,0.670253,0.66478,0.66125,0.660248,0.65679,0.651534,0.647561,0.64303,0.638554,0.632934,0.629167,0.623077,0.618235,0.615205,0.611046,0.60578,0.601724,0.597714,0.594318,0.59096,0.58764,0.584358,0.580556,0.577348,0.574176,0.570492,0.567391,0.564865,0.56129,0.558289,0.554255,0.550794,0.547895,0.543979,0.540625,0.537306,0.535052,0.532308,0.528061,0.525888,0.523232,0.519598,0.516,0.51393,0.510396,0.507389,0.504902,0.501951,0.499515,0.497101,0.494712,0.492344,0.490476,0.488152,0.485377,0.483099,0.480374,0.47814,0.476389,0.474194,0.472477,0.47032,0.468182,0.466063,0.463514,0.461883,0.459375,0.457778,0.455752,0.453304,0.450877,0.448908,0.446957,0.445022,0.442672,0.440773,0.438034,0.43617,0.433475,0.430802,0.428992,0.427197,0.425417,0.422822,0.420661,0.41893,0.416803,0.415102,0.412602,0.410526,0.408065,0.406426,0.4048,0.402789,0.40119,0.399209,0.397638,0.395686,0.394531,0.392996,0.391473,0.389961,0.388462,0.386973,0.385496,0.38403,0.382197,0.380377,0.378947,0.377154,0.376119,0.374721,0.372963,0.371587,0.370221,0.368864,0.367518,0.366182,0.364855,0.363177,0.36187,0.360573,0.358929,0.357651,0.356738,0.355477,0.354225,0.352982,0.351748,0.350871,0.349653,0.348097,0.346897,0.345704,0.344521,0.343345,0.342177,0.341017,0.339865,0.338721,0.337248,0.33612,0.335,0.333887,0.332781,0.332013,0.330921,0.329836,0.328758,0.327687,0.326299,0.324919,0.323871,0.32283,0.321795,0.320767,0.319745,0.31873,0.317722,0.316719,0.315723,0.31442,0.313437,0.312461,0.311491,0.310526,0.309568,0.308615,0.307669,0.306728,0.305793,0.304863,0.303939,0.303021,0.302108,0.301201,0.300299,0.299403,0.298214,0.297329,0.29645,0.295575,0.294706,0.293842,0.292982,0.292128,0.290988,0.290145,0.289306,0.288473,0.287644,0.286819,0.286
QU_PH,1,1.2,1.13333,1.175,1.14,1.13333,1.14286,1.15,1.16667,1.15,1.19091,1.2,1.18462,1.17143,1.16,1.15625,1.16471,1.16667,1.15789,1.165,1.2,1.22727,1.25217,1.25,1.276,1.30769,1.32593,1.35357,1.37931,1.40667,1.41935,1.41562,1.44242,1.48235,1.50286,1.50278,1.51892,1.51053,1.49487,1.52,1.60244,1.64286,1.65814,1.75682,1.77778,1.81739,1.85106,1.87292,1.85714,1.976,2.13725,2.175,2.59623,2.55741,2.79091,3.12679,2.69649,2.46552,3.17627,3.29,2.86557,2.95645,3.86984,3.92344,4.44769,5.18788,4,3.64559,4.1029,3.92286,5.00704,3.40694,3.28904,3.49324,3.56533,4.02105,4.64545,4.74872,3.42532,4.0425,4.5642,4.64878,4.2759,3.95238,3.14235,3.57558,3.7931,3.39659,4.0382,3.75444,3.58352,4.38913,3.47312,3.48617,2.90526,3.35938,2.88557,2.82449,2.55152,4.384,3.17327,3.27255,3.07087,3.60096,2.90381,2.94151,2.45981,2.81852,3.29174,2.59455,2.93784,2.77054,3.0646,3.87895,2.46783,3.00603,2.8812,2.85678,2.88319,2.84083,3.17025,2.54918,2.33577,2.0879,2.472,2.17222,2.05118,1.94531,2.24496,2.39154,2.16641,2.06515,2.19774,1.99478,1.84222,2.39412,2.52701,2.02391,1.89568,2.45071,1.97801,2.56901,2.40979,2.12222,2.19379,2.33904,2.07619,1.80878,2.07651,2.26467,2.21854,1.92237,1.73725,2.13052,1.8671,1.71923,1.62994,1.6019,1.55786,1.52375,1.9646,1.77901,2.21043,1.65488,1.61636,1.57048,1.87006,1.67976,1.59645,1.50824,1.84152,1.54884,1.45838,1.43448,1.69943,1.53295,1.48588,1.69157,1.52458,1.48556,1.43757,1.39011,1.32896,1.26848,1.63459,1.49247,1.3877,1.3484,1.30741,1.25316,1.22408,1.19896,1.4114,1.46134,1.45795,1.40561,1.53756,1.4202,1.32412,1.2965,1.26816,1.21386,1.14532,1.12892,1.0878,1.06068,1.04203,1.02596,1.01053,1.28476,1.15308,1.11226,1.08545,1.06168,1.04744,1.47731,1.38664,1.55367,1.20822,1.18318,1.16878,1.1027,1.05919,1.04241,1.02889,0.99646,0.972247,0.958772,0.945852,0.932609,0.921645,0.909483,0.893991,0.840598,0.829362,0.819068,0.808861,0.795378,0.784519,0.772083,0.756432,0.747521,0.739506,0.727049,0.712245,0.702033,0.691903,0.682258,0.674297,0.666,0.659363,0.647619,0.640711,0.634252,0.62549,0.617188,0.610506,0.605039,0.597297,0.590385,0.583525,0.577863,0.571863,0.566667,0.560377,0.553008,0.544944,0.539552,0.534572,0.529259,0.523616,0.518015,0.50989,0.503285,0.500364,0.496739,0.491697,0.48705,0.483154,0.478929,0.475801,0.472695,0.468198,0.46338,0.46,0.454895,0.798258,0.772917,0.761592,0.752414,0.743986,0.733219,0.724573,0.715986,0.702373,0.682095,0.674074,0.666107,0.654515,0.644667,0.636545,0.628146,0.619802,0.612171,0.602951,0.597059,0.589577,0.582143,0.574757,0.56871,0.562058,0.555769,0.548562,0.542994,0.536825,0.531013,0.516719,0.510692,0.505956,0.499375,0.494081,0.488199,0.480186,0.474074,0.469538,0.465031,0.459939,0.456098,0.453191,0.447576,0.442598,0.439458,0.434234,0.43024,0.42597,0.423214,0.419881,0.415385,0.412979,0.411176,0.408798,0.404678,0.401166,0.398256,0.395652,0.393353,0.389914,0.387069,0.383954,0.381429
UR_PH,1,1,1,1,1,1.01667,1.01429,1.0375,1.04444,1.04,1.03636,1.03333,1.03077,1.02857,1.02667,1.025,1.02353,1.05,1.04737,1.045,1.05714,1.05909,1.05652,1.05417,1.056,1.06923,1.07778,1.07143,1.07241,1.07,1.07419,1.08438,1.09091,1.11765,1.12571,1.13056,1.13514,1.13158,1.13077,1.14,1.18049,1.19286,1.19767,1.21591,1.24444,1.27391,1.28298,1.30625,1.32449,1.346,1.41961,1.47885,1.49623,1.49259,1.55273,1.55357,1.65965,1.64138,1.6339,1.70833,1.67213,1.70968,1.75079,1.77969,1.83077,1.82424,1.81642,1.78971,1.75797,1.73429,1.70141,1.66944,1.65205,1.62027,1.608,1.60263,1.58442,1.57051,1.54557,1.5375,1.51728,1.49024,1.46867,1.43095,1.40471,1.39186,1.38391,1.36591,1.34382,1.32222,1.31209,1.29457,1.28925,1.27979,1.26632,1.25417,1.23402,1.22245,1.20404,1.205,1.18911,1.17647,1.17379,1.1625,1.15714,1.14434,1.12617,1.1037,1.09358,1.08,1.07297,1.0625,1.05487,1.04561,1.03304,1.01897,1.00769,0.994915,0.982353,0.975,0.970248,0.964754,0.954472,0.941129,0.9272,0.915079,0.902362,0.89375,0.882946,0.878462,0.871756,0.862121,0.850376,0.840299,0.832593,0.826471,0.818978,0.813043,0.806475,0.800714,0.793617,0.788028,0.782517,0.775694,0.772414,0.769178,0.764626,0.756081,0.744966,0.738667,0.735099,0.727632,0.719608,0.713636,0.707742,0.701923,0.694268,0.686076,0.680503,0.675625,0.673913,0.669753,0.664417,0.660366,0.655758,0.65,0.644311,0.639881,0.633728,0.628235,0.624561,0.620349,0.615029,0.61092,0.606286,0.602841,0.599435,0.596067,0.592737,0.588889,0.585635,0.581868,0.578142,0.575,0.572432,0.568817,0.565775,0.561702,0.55873,0.554737,0.550785,0.547396,0.544041,0.541753,0.538974,0.534694,0.532487,0.529293,0.525628,0.522,0.519901,0.516337,0.5133,0.510784,0.507317,0.504854,0.502415,0.5,0.497608,0.495714,0.493365,0.490566,0.488263,0.485514,0.482791,0.481019,0.478802,0.477064,0.474886,0.472727,0.470588,0.467568,0.465471,0.462946,0.461333,0.459292,0.456828,0.454386,0.452402,0.450435,0.448485,0.446121,0.444206,0.441453,0.439574,0.436864,0.434177,0.432353,0.430544,0.42875,0.426141,0.423967,0.422222,0.420082,0.418367,0.415854,0.413765,0.41129,0.409639,0.408,0.405976,0.403968,0.401976,0.400394,0.398431,0.397266,0.39572,0.394186,0.392664,0.390769,0.389272,0.387405,0.385932,0.384091,0.381509,0.380075,0.378277,0.377239,0.375836,0.374074,0.372694,0.371324,0.369963,0.368613,0.367273,0.365942,0.36426,0.36295,0.361649,0.36,0.358719,0.357801,0.356537,0.355282,0.354035,0.352797,0.351916,0.350694,0.349135,0.347931,0.346735,0.345548,0.344369,0.343197,0.342034,0.340878,0.339731,0.338255,0.337124,0.336,0.334884,0.333775,0.333003,0.331908,0.33082,0.329739,0.328339,0.326948,0.325566,0.324516,0.323473,0.322436,0.321406,0.320382,0.319365,0.318354,0.31735,0.316352,0.315047,0.314063,0.313084,0.312112,0.311146,0.310185,0.308923,0.307975,0.307034,0.306098,0.305167,0.304242,0.303323,0.30241,0.301502,0.300599,0.299701,0.298512,0.297626,0.296746,0.29587,0.295,0.294135,0.293275,0.29242,0.291279,0.290435,0.289595,0.288761,0.287644,0.286819,0.286
UW_PH,1,1,1,1,1,1.01667,1.01429,1.025,1.03333,1.03,1.02727,1.025,1.02308,1.02143,1.02,1.01875,1.01765,1.02222,1.02105,1.02,1.02857,1.03182,1.03043,1.02917,1.032,1.03846,1.05185,1.04643,1.05172,1.05,1.05484,1.06562,1.07273,1.09118,1.1,1.10556,1.11081,1.10789,1.11026,1.12,1.1561,1.17143,1.17674,1.19545,1.22222,1.23696,1.24894,1.27292,1.27755,1.3,1.37451,1.43077,1.45283,1.44815,1.50545,1.50893,1.59298,1.57586,1.5661,1.64833,1.61803,1.64839,1.69206,1.70938,1.76154,1.76364,1.76119,1.75147,1.72029,1.69571,1.67042,1.63333,1.61781,1.58919,1.57733,1.57237,1.55455,1.54103,1.51772,1.50875,1.48642,1.46098,1.44217,1.40476,1.37882,1.36628,1.35862,1.34432,1.33034,1.30889,1.3,1.28152,1.27527,1.2617,1.24947,1.23854,1.21856,1.20816,1.18788,1.189,1.17426,1.16176,1.15825,1.14712,1.1419,1.13113,1.11495,1.09259,1.08349,1.07091,1.06667,1.05714,1.04956,1.04035,1.02783,1.01466,1.00513,0.98983,0.977311,0.97,0.966116,0.960656,0.947154,0.933871,0.9208,0.90873,0.897638,0.889844,0.87907,0.874615,0.867939,0.856061,0.844361,0.834328,0.826667,0.820588,0.813139,0.807246,0.800719,0.795,0.787943,0.782394,0.776923,0.770139,0.766207,0.763014,0.758503,0.75,0.739597,0.733333,0.729801,0.723684,0.71634,0.71039,0.704516,0.698718,0.691083,0.683544,0.677987,0.67375,0.67205,0.668519,0.66319,0.659146,0.654545,0.649398,0.643713,0.639881,0.633728,0.628824,0.625146,0.62093,0.615607,0.61092,0.605714,0.602273,0.59887,0.595506,0.592179,0.588333,0.585083,0.581319,0.577596,0.574457,0.571892,0.567742,0.564706,0.560106,0.556614,0.552632,0.548691,0.545313,0.541969,0.539691,0.536923,0.532653,0.530457,0.527273,0.523618,0.52,0.51791,0.514356,0.51133,0.508824,0.505366,0.502913,0.500483,0.498077,0.495694,0.49381,0.491469,0.488679,0.486385,0.483645,0.481395,0.47963,0.477419,0.475688,0.473516,0.471364,0.469231,0.466216,0.464126,0.461607,0.46,0.457965,0.455507,0.45307,0.451092,0.44913,0.447186,0.444828,0.442918,0.440171,0.438298,0.435593,0.432911,0.431092,0.429289,0.4275,0.424896,0.422727,0.420988,0.418852,0.417143,0.414634,0.412551,0.410081,0.408434,0.4068,0.404781,0.403175,0.400791,0.399213,0.397255,0.396094,0.394553,0.393023,0.391506,0.389615,0.388123,0.38626,0.384791,0.382955,0.380755,0.379323,0.377528,0.376493,0.375093,0.373333,0.371956,0.370588,0.369231,0.367883,0.366545,0.365217,0.363538,0.36223,0.360932,0.359286,0.358007,0.357092,0.35583,0.354577,0.353333,0.352098,0.35122,0.35,0.348443,0.347241,0.346048,0.344863,0.343686,0.342517,0.341356,0.340203,0.339057,0.337584,0.336455,0.335333,0.334219,0.333113,0.332343,0.33125,0.330164,0.329085,0.328013,0.326623,0.325243,0.324194,0.323151,0.322115,0.321086,0.320064,0.319048,0.318038,0.317035,0.316038,0.314734,0.31375,0.312773,0.311801,0.310836,0.309877,0.308615,0.307669,0.306728,0.305793,0.304863,0.303939,0.303021,0.302108,0.301201,0.300299,0.299403,0.298214,0.297329,0.29645,0.295575,0.294706,0.293842,0.292982,0.292128,0.290988,0.290145,0.289306,0.288473,0.287644,0.286819,0.286
